{
    "device_compatibility": [
        "desktop"
    ],
    "eligibility_requirements": [
        {
            "_cls": "web.eligibility.models.PreviousStudiesEligibilityRequirement",
            "attributes": [
                {
                    "id": "First Pilot",
                    "value": true,
                    "status": "Completed"
                },
                {
                    "id": "Second pilot",
                    "value": true,
                    "status": "Completed"
                }
            ]
        }
    ]
}